run_id      , experiment, model            , fold, epoch, train_loss          , train_acc         , val_loss           , val_acc           , val_rmse_dollars  , val_mae_dollars   , val_r2            , seconds
baseline_s42, baseline  , ridge            ,    1,     1, 0.0910689267354307  , 0.8058419243986255, 0.1221628600148414 , 0.726027397260274 , 19442.679251625057, 13473.504909676509, 0.9279749149884606,  0.0270726999999999
baseline_s42, baseline  , ridge            ,    2,     1, 0.0930362226098692  , 0.8128755364806867, 0.1111717928705593 , 0.7353951890034365, 17982.69178596791 , 12888.380227884803, 0.9438519579438056,  0.0202841999999999
baseline_s42, baseline  , ridge            ,    3,     1, 0.0907590959963405  , 0.8025751072961373, 0.11637301382967   , 0.7663230240549829, 20399.24328371781 , 13652.500062097615, 0.938643022451816 ,  0.0199519999999999
baseline_s42, baseline  , ridge            ,    4,     1, 0.0923567863106462  , 0.8163090128755365, 0.1170491316513787 , 0.738831615120275 , 22979.8047913488  , 14099.28890844245 , 0.9093133983032096,  0.0199699999999999
baseline_s42, baseline  , ridge            ,    5,     1, 0.0957593440484519  , 0.8017167381974248, 0.0976023982345332 , 0.7525773195876289, 21433.682031100627, 13253.7658690717  , 0.9189814770327336,  0.0200554
baseline_s42, baseline  , elasticnet       ,    1,     1, 0.0931218612947111  , 0.8075601374570447, 0.117825578773054  , 0.7226027397260274, 18972.709722270127, 13186.279053460632, 0.9314148203345506,  0.8331169
baseline_s42, baseline  , elasticnet       ,    2,     1, 0.0935677962439747  , 0.8               , 0.1104486768932289 , 0.7663230240549829, 17964.31169667681 , 12470.355170879831, 0.9439666769895064,  0.0828519
baseline_s42, baseline  , elasticnet       ,    3,     1, 0.0918847936040364  , 0.7982832618025751, 0.1165044489111801 , 0.7663230240549829, 20668.9240683378  , 13753.031296389236, 0.9370100037089026,  0.1144575999999999
baseline_s42, baseline  , elasticnet       ,    4,     1, 0.093727112041834   , 0.8103004291845494, 0.1128408507219464 , 0.7353951890034365, 22525.502147860065, 13742.280442001947, 0.9128636387672786,  0.2284853
baseline_s42, baseline  , elasticnet       ,    5,     1, 0.0963943264666154  , 0.7879828326180257, 0.0973939353725714 , 0.7525773195876289, 21071.014583453583, 12920.895270394554, 0.9217000203071332,  0.0953403999999999
baseline_s42, baseline  , gradient_boosting,    1,  1200, 0.0605227616652964  , 0.9579037800687286, 0.1316688143316546 , 0.7397260273972602, 20239.72376077658 , 13836.80926292    , 0.9219485963082428,  7.762024999999999
baseline_s42, baseline  , gradient_boosting,    2,  1200, 0.0663168471383102  , 0.9562231759656652, 0.1115303818379882 , 0.711340206185567 , 18551.662831834496, 13275.744788440108, 0.9402427091397464,  7.704228400000002
baseline_s42, baseline  , gradient_boosting,    3,  1200, 0.0595468555918759  , 0.951931330472103 , 0.1261692827195821 , 0.7285223367697594, 22553.832248986702, 14845.666298105958, 0.9249973626362652,  7.723209799999999
baseline_s42, baseline  , gradient_boosting,    4,  1200, 0.0652764200123027  , 0.951931330472103 , 0.1233826052419537 , 0.7422680412371134, 22793.98811722856 , 14232.40549589288 , 0.9107740680709722,  7.774662500000002
baseline_s42, baseline  , gradient_boosting,    5,  1200, 0.0669103824389672  , 0.9450643776824036, 0.1027261604769745 , 0.7422680412371134, 22971.50864021833 , 13537.947735137332, 0.9069385552815252,  7.7587677
baseline_s42, baseline  , random_forest    ,    1,   700, 0.0483417010580912  , 0.9493127147766324, 0.1444315785223852 , 0.660958904109589 , 23353.77791682108 , 16134.622834699208, 0.8960831800039862,  0.754718699999998
baseline_s42, baseline  , random_forest    ,    2,   700, 0.0499351957058791  , 0.9450643776824036, 0.1275165330523407 , 0.7079037800687286, 21943.77161497954 , 15194.777786616309, 0.916392013576924 ,  0.6742467999999988
baseline_s42, baseline  , random_forest    ,    3,   700, 0.0482648878411413  , 0.950214592274678 , 0.1388469231979708 , 0.6494845360824743, 27860.57036594432 , 17883.6888195573  , 0.8855499861814302,  0.6946697999999998
baseline_s42, baseline  , random_forest    ,    4,   700, 0.0491085741752567  , 0.945922746781116 , 0.1402046510332765 , 0.6872852233676976, 25569.461367139404, 15847.455726310856, 0.8877222718066925,  0.6742828000000003
baseline_s42, baseline  , random_forest    ,    5,   700, 0.0504531861627436  , 0.9484978540772532, 0.1195413593540073 , 0.7010309278350515, 25959.0220251777  , 15606.889994735382, 0.8811586961673834,  0.7042403000000022
tuned1_s42  , tuned1    , ridge            ,    1,     1, 0.0928571217300794  , 0.8061749571183533, 0.1183968072900188 , 0.7431506849315068, 19592.91886121648 , 13833.721317699128, 0.9305030019416876,  0.0212152000000001
tuned1_s42  , tuned1    , ridge            ,    2,     1, 0.0934251032419172  , 0.8104631217838765, 0.1097359709452164 , 0.7568493150684932, 22328.554404541697, 13821.954679143531, 0.9290039318463292,  0.0199632999999999
tuned1_s42  , tuned1    , ridge            ,    3,     1, 0.0907561607186769  , 0.7958833619210978, 0.1176461715540684 , 0.773972602739726 , 18596.680254847543, 12560.012951714318, 0.9351125891175976,  0.0214168999999999
tuned1_s42  , tuned1    , ridge            ,    4,     1, 0.0906096716288065  , 0.8200514138817481, 0.1214545805321047 , 0.7353951890034365, 24280.99239900959 , 14467.024807835554, 0.9185651285319658,  0.0195720000000001
tuned1_s42  , tuned1    , ridge            ,    5,     1, 0.0960074625240337  , 0.794344473007712 , 0.0982945340939021 , 0.7491408934707904, 22224.84795383421 , 13824.391875951307, 0.923386487123552 ,  0.0194521999999999
tuned1_s42  , tuned1    , elasticnet       ,    1,     1, 0.0946202793827563  , 0.7984562607204116, 0.1126719492941045 , 0.7465753424657534, 18784.87179839562 , 13308.242079812644, 0.9361171568425132,  0.6060961999999999
tuned1_s42  , tuned1    , elasticnet       ,    2,     1, 0.0937439675863664  , 0.8087478559176673, 0.1086374086964845 , 0.7534246575342466, 21891.362383453285, 13523.972786312332, 0.9317569129611808,  0.0640996
tuned1_s42  , tuned1    , elasticnet       ,    3,     1, 0.0920196275132888  , 0.7933104631217839, 0.1181912236278466 , 0.75              , 19073.8771721865  , 12798.60862126962 , 0.9317397993350208,  0.0809289000000001
tuned1_s42  , tuned1    , elasticnet       ,    4,     1, 0.0920289645110872  , 0.8080548414738646, 0.119193979182827  , 0.738831615120275 , 24065.19624658721 , 14073.408508925497, 0.9200061932608716,  0.2685522
tuned1_s42  , tuned1    , elasticnet       ,    5,     1, 0.0973245338900389  , 0.7857754927163667, 0.0975276673721684 , 0.7457044673539519, 21761.258200210363, 13548.725982777723, 0.9265493264161436,  0.0957240000000001
tuned1_s42  , tuned1    , gradient_boosting,    1,  2200, 0.0572674557020268  , 0.9639794168096056, 0.1294325400137158 , 0.7328767123287672, 19127.235058794173, 13778.3505245179  , 0.9337673463486192, 14.2933732
tuned1_s42  , tuned1    , gradient_boosting,    2,  2200, 0.0581401431171256  , 0.9562607204116638, 0.1113410094415735 , 0.7226027397260274, 23324.597730725425, 14285.861356654905, 0.9225285992138952, 14.243330099999998
tuned1_s42  , tuned1    , gradient_boosting,    3,  2200, 0.0535578924965035  , 0.9691252144082332, 0.1252427901180268 , 0.726027397260274 , 20600.613467223648, 14173.970473239253, 0.9203749158572574, 14.2934211
tuned1_s42  , tuned1    , gradient_boosting,    4,  2200, 0.0573097623656837  , 0.9605826906598116, 0.1252756941627365 , 0.7594501718213058, 24553.21469850009 , 14013.97121601719 , 0.9167289056793804, 14.2279013
tuned1_s42  , tuned1    , gradient_boosting,    5,  2200, 0.0616077118539976  , 0.9605826906598116, 0.1098855786896362 , 0.711340206185567 , 23983.004560290345, 14684.808618998391, 0.910785599999652 , 14.261510699999995
tuned1_s42  , tuned1    , lightgbm         ,    1,  3000, 0.0167031771311456  , 0.997427101200686 , 0.1330205751761848 , 0.708904109589041 , 20174.04925818847 , 14666.54071718642 , 0.9263192701116926,  1.4213843999999938
tuned1_s42  , tuned1    , lightgbm         ,    2,  3000, 0.0194008101694603  , 0.9965694682675816, 0.114898389063007  , 0.702054794520548 , 24687.023782316515, 14427.727818910997, 0.9132138236101282,  1.354130099999992
tuned1_s42  , tuned1    , lightgbm         ,    3,  3000, 0.0179923368873581  , 0.997427101200686 , 0.126768034769057  , 0.6986301369863014, 21128.55627031005 , 14561.355177145717, 0.9162414322919926,  1.365043099999994
tuned1_s42  , tuned1    , lightgbm         ,    4,  3000, 0.0177673994477283  , 0.9974293059125964, 0.130643023165271  , 0.7216494845360825, 26226.742887599743, 15544.732148104613, 0.9049906675648332,  1.4882754000000062
tuned1_s42  , tuned1    , lightgbm         ,    5,  3000, 0.017830299280559   , 0.996572407883462 , 0.1164334914043613 , 0.6872852233676976, 24850.58027175391 , 15821.679207530064, 0.904214262532775 ,  1.36441769999999
tuned1_s42  , tuned1    , xgboost          ,    1,  3200, 0.0388012707904498  , 0.9759862778730704, 0.1184164458572892 , 0.7191780821917808, 18704.73824224786 , 13563.630874696695, 0.9366610243392632,  1.387386399999997
tuned1_s42  , tuned1    , xgboost          ,    2,  3200, 0.0395673395287198  , 0.9768439108061748, 0.108958396786112  , 0.7568493150684932, 21778.858145458315, 13060.096474475831, 0.9324565412338116,  1.2890297999999945
tuned1_s42  , tuned1    , xgboost          ,    3,  3200, 0.0375503349443178  , 0.9828473413379074, 0.1194785605710728 , 0.7363013698630136, 19781.067521418885, 13367.825188625247, 0.9265842823987585,  1.285306700000007
tuned1_s42  , tuned1    , xgboost          ,    4,  3200, 0.0396008598007376  , 0.9777206512425022, 0.1189071052544194 , 0.7525773195876289, 24196.45247210484 , 14327.78565593061 , 0.919131210261838 ,  1.2839664000000113
tuned1_s42  , tuned1    , xgboost          ,    5,  3200, 0.0396728662372496  , 0.976006855184233 , 0.1093209817720474 , 0.7353951890034365, 24177.79061071332 , 14750.398587244836, 0.9093305454355772,  1.3081020999999993
tuned1_s42  , tuned1    , catboost         ,    1,  2400, 0.0448167530235218  , 0.9614065180102916, 0.1179291616926196 , 0.7465753424657534, 19036.916483530928, 13630.182417908069, 0.9343913691451432,  2.091907500000005
tuned1_s42  , tuned1    , catboost         ,    2,  2400, 0.0446599019333459  , 0.967409948542024 , 0.108978931221408  , 0.7671232876712328, 21032.884849090675, 13139.16162555554 , 0.9370043194261556,  1.891061300000004
tuned1_s42  , tuned1    , catboost         ,    3,  2400, 0.0431256445971906  , 0.9691252144082332, 0.1197792592582185 , 0.7465753424657534, 19748.4080780783  , 13086.7115284336  , 0.9268265076575488,  1.927890099999999
tuned1_s42  , tuned1    , catboost         ,    4,  2400, 0.0476531568610218  , 0.9545844044558698, 0.1198983031810613 , 0.7525773195876289, 24445.1351560328  , 14294.273780245212, 0.9174603857548884,  1.9382995999999928
tuned1_s42  , tuned1    , catboost         ,    5,  2400, 0.0449166568822575  , 0.9605826906598116, 0.1035990462967487 , 0.7422680412371134, 23134.20720069023 , 14004.5738966465  , 0.9169887371197508,  1.8787832000000009
tuned2_s42  , tuned2    , ridge            ,    1,     1, 0.0928571217300794  , 0.8061749571183533, 0.1183968072900188 , 0.7431506849315068, 19592.91886121648 , 13833.721317699128, 0.9305030019416876,  0.0215305999999999
tuned2_s42  , tuned2    , ridge            ,    2,     1, 0.0934251032419172  , 0.8104631217838765, 0.1097359709452164 , 0.7568493150684932, 22328.554404541697, 13821.954679143531, 0.9290039318463292,  0.0206842
tuned2_s42  , tuned2    , ridge            ,    3,     1, 0.0907561607186769  , 0.7958833619210978, 0.1176461715540684 , 0.773972602739726 , 18596.680254847543, 12560.012951714318, 0.9351125891175976,  0.0207298
tuned2_s42  , tuned2    , ridge            ,    4,     1, 0.0906096716288065  , 0.8200514138817481, 0.1214545805321047 , 0.7353951890034365, 24280.99239900959 , 14467.024807835554, 0.9185651285319658,  0.0202509000000001
tuned2_s42  , tuned2    , ridge            ,    5,     1, 0.0960074625240337  , 0.794344473007712 , 0.0982945340939021 , 0.7491408934707904, 22224.84795383421 , 13824.391875951307, 0.923386487123552 ,  0.0211779999999999
tuned2_s42  , tuned2    , elasticnet       ,    1,     1, 0.0946202793827563  , 0.7984562607204116, 0.1126719492941045 , 0.7465753424657534, 18784.87179839562 , 13308.242079812644, 0.9361171568425132,  0.6260602
tuned2_s42  , tuned2    , elasticnet       ,    2,     1, 0.0937439675863664  , 0.8087478559176673, 0.1086374086964845 , 0.7534246575342466, 21891.362383453285, 13523.972786312332, 0.9317569129611808,  0.0635882999999999
tuned2_s42  , tuned2    , elasticnet       ,    3,     1, 0.0920196275132888  , 0.7933104631217839, 0.1181912236278466 , 0.75              , 19073.8771721865  , 12798.60862126962 , 0.9317397993350208,  0.0809256
tuned2_s42  , tuned2    , elasticnet       ,    4,     1, 0.0920289645110872  , 0.8080548414738646, 0.119193979182827  , 0.738831615120275 , 24065.19624658721 , 14073.408508925497, 0.9200061932608716,  0.265466
tuned2_s42  , tuned2    , elasticnet       ,    5,     1, 0.0973245338900389  , 0.7857754927163667, 0.0975276673721684 , 0.7457044673539519, 21761.258200210363, 13548.725982777723, 0.9265493264161436,  0.0951773999999998
tuned2_s42  , tuned2    , lasso            ,    1,     1, 0.0962160320635959  , 0.7898799313893653, 0.1127804609471047 , 0.7294520547945206, 18719.43077181989 , 13279.38972285767 , 0.9365614800145218,  0.0555285000000003
tuned2_s42  , tuned2    , lasso            ,    2,     1, 0.0954855045705899  , 0.7967409948542024, 0.1082150383751268 , 0.75              , 21933.300871472395, 13590.217752009316, 0.9314951884239092,  0.0629029999999999
tuned2_s42  , tuned2    , lasso            ,    3,     1, 0.0934639625435784  , 0.7864493996569468, 0.1183183750190662 , 0.7465753424657534, 19191.2592857411  , 12829.332934135691, 0.9308970570433442,  0.0626834
tuned2_s42  , tuned2    , lasso            ,    4,     1, 0.0936954560654809  , 0.8020565552699229, 0.1186734567293551 , 0.7353951890034365, 24105.71157135147 , 14066.653532040282, 0.9197366169630352,  0.1860531999999999
tuned2_s42  , tuned2    , lasso            ,    5,     1, 0.098802411511885   , 0.7866323907455013, 0.0978428486997553 , 0.7285223367697594, 21953.41891037668 , 13652.801085471869, 0.9252464007209108,  0.0802355000000001
tuned2_s42  , tuned2    , kernel_ridge     ,    1,     1, 0.0877688418964212  , 0.823327615780446 , 0.1272155786611746 , 0.6952054794520548, 20373.39621881606 , 14409.346783735604, 0.9248559448074948,  0.0469932000000001
tuned2_s42  , tuned2    , kernel_ridge     ,    2,     1, 0.0909710108277928  , 0.8164665523156089, 0.1180843731417773 , 0.726027397260274 , 21968.71130406685 , 14384.778355270835, 0.9312738133383136,  0.0327938999999997
tuned2_s42  , tuned2    , kernel_ridge     ,    3,     1, 0.0884958314822782  , 0.8104631217838765, 0.1173633746310312 , 0.7602739726027398, 18847.596729614463, 12856.172660805922, 0.933349784319756 ,  0.0323771999999999
tuned2_s42  , tuned2    , kernel_ridge     ,    4,     1, 0.0914596920220267  , 0.8191945158526135, 0.1196893793844636 , 0.738831615120275 , 24500.70141741989 , 14515.967085777724, 0.917084717512838 ,  0.0334155999999996
tuned2_s42  , tuned2    , kernel_ridge     ,    5,     1, 0.0931895104797813  , 0.8097686375321337, 0.1106346737073247 , 0.7353951890034365, 23412.26789293015 , 14737.612805167168, 0.9149812434865658,  0.0338324999999999
tuned2_s42  , tuned2    , svr              ,    1,     1, 0.0885026829233842  , 0.8499142367066895, 0.1224784580448461 , 0.7568493150684932, 18924.919912862944, 12970.071502052237, 0.9351610659851186,  0.1674060000000001
tuned2_s42  , tuned2    , svr              ,    2,     1, 0.091842224783918   , 0.8567753001715266, 0.1080472396770316 , 0.7602739726027398, 21026.67038899682 , 12918.175010778314, 0.9370415398370584,  0.1628784999999997
tuned2_s42  , tuned2    , svr              ,    3,     1, 0.0887888371306189  , 0.8507718696397941, 0.1151419628536902 , 0.7808219178082192, 18661.60521925296 , 11832.215171145288, 0.9346587267403668,  0.1643299000000002
tuned2_s42  , tuned2    , svr              ,    4,     1, 0.0885562097300786  , 0.8577549271636675, 0.1219671464430891 , 0.7663230240549829, 23795.78650898332 , 13867.627731243558, 0.9217872282446026,  0.1653774999999999
tuned2_s42  , tuned2    , svr              ,    5,     1, 0.0956911054496612  , 0.8474721508140531, 0.0952027294751322 , 0.7731958762886598, 20068.255097599547, 12399.6172066973  , 0.9375335242027208,  0.1641362000000006
tuned2_s42  , tuned2    , gradient_boosting,    1,  3000, 0.0578368533606173  , 0.9596912521440824, 0.1242956448698398 , 0.7363013698630136, 18559.68243878637 , 13455.068387930638, 0.9376396063965732,  3.8425741
tuned2_s42  , tuned2    , gradient_boosting,    2,  3000, 0.0592626286794614  , 0.9562607204116638, 0.1053066488871821 , 0.7397260273972602, 21687.215294464244, 13233.924880913928, 0.9330237750121876,  3.8140477
tuned2_s42  , tuned2    , gradient_boosting,    3,  3000, 0.0558878934835654  , 0.9605488850771868, 0.1169275875335942 , 0.7842465753424658, 19154.12326458346 , 12486.50938218147 , 0.9311642334119676,  3.837563699999999
tuned2_s42  , tuned2    , gradient_boosting,    4,  3000, 0.0578174544842252  , 0.9597257926306768, 0.122038449251903  , 0.7766323024054983, 25078.97979105716 , 14252.924379799084, 0.9131245073845884,  3.8833758
tuned2_s42  , tuned2    , gradient_boosting,    5,  3000, 0.0625766176671372  , 0.9554413024850044, 0.1007479581779822 , 0.7800687285223368, 22564.375030892206, 13394.336177537789, 0.9210277707493612,  3.824593100000001
tuned2_s42  , tuned2    , lightgbm         ,    1,  4200, 0.020949482041748   , 0.9965694682675816, 0.1312246816632344 , 0.7191780821917808, 19806.17625156971 , 14531.029697818918, 0.9289819007611168,  1.5931119000000002
tuned2_s42  , tuned2    , lightgbm         ,    2,  4200, 0.0201636488803641  , 0.997427101200686 , 0.1130496914213618 , 0.7294520547945206, 24360.57247795437 , 14305.541707708597, 0.915493899069544 ,  1.6173569000000008
tuned2_s42  , tuned2    , lightgbm         ,    3,  4200, 0.0198648715895311  , 0.9991423670668954, 0.1264627190916771 , 0.7157534246575342, 21233.38576650085 , 14529.489917943967, 0.9154082328745732,  1.7068299999999963
tuned2_s42  , tuned2    , lightgbm         ,    4,  4200, 0.0213698907822158  , 0.996572407883462 , 0.1296304170753154 , 0.7079037800687286, 26621.44674123069 , 15532.48299291426 , 0.9021094302511888,  1.6218428000000031
tuned2_s42  , tuned2    , lightgbm         ,    5,  4200, 0.021283492916625   , 0.9974293059125964, 0.1089554855919909 , 0.711340206185567 , 23809.27422332826 , 14916.219373843209, 0.9120734378335672,  1.6400290999999996
tuned2_s42  , tuned2    , xgboost          ,    1,  4200, 0.0635695077357197  , 0.9056603773584906, 0.1164438511787116 , 0.7191780821917808, 18749.72249271731 , 13882.3193608155  , 0.9363560018909096,  1.3650651999999963
tuned2_s42  , tuned2    , xgboost          ,    2,  4200, 0.0646919810751812  , 0.8996569468267581, 0.1103704938791019 , 0.75              , 22571.584794140108, 13409.325751419648, 0.9274500379729516,  1.2615022000000025
tuned2_s42  , tuned2    , xgboost          ,    3,  4200, 0.0623097646150578  , 0.9073756432247   , 0.119827292838742  , 0.7226027397260274, 19998.94517535826 , 13346.098036769305, 0.924958107680098 ,  1.2911201000000003
tuned2_s42  , tuned2    , xgboost          ,    4,  4200, 0.0633992549236859  , 0.9074550128534704, 0.1179570651123925 , 0.7663230240549829, 24600.291598500364, 14355.459954359289, 0.9164092812915392,  1.264633400000001
tuned2_s42  , tuned2    , xgboost          ,    5,  4200, 0.0651475218959347  , 0.8980291345329906, 0.1082032128905082 , 0.7319587628865979, 23788.76258671908 , 14322.806596675398, 0.9122248696505398,  1.2649947000000026
tuned2_s42  , tuned2    , catboost         ,    1,  3200, 0.0347175817255057  , 0.9905660377358492, 0.1166982721690578 , 0.75              , 19128.81214766578 , 13580.56977697099 , 0.9337564237989698,  3.413324099999997
tuned2_s42  , tuned2    , catboost         ,    2,  3200, 0.0336070236926125  , 0.9914236706689536, 0.1088102153117471 , 0.7431506849315068, 21028.925884650893, 12914.280630584675, 0.9370280322158476,  3.326270800000003
tuned2_s42  , tuned2    , catboost         ,    3,  3200, 0.0334801312350341  , 0.9905660377358492, 0.1194198596045608 , 0.7363013698630136, 20049.61141946485 , 13214.686517599996, 0.9245773968979354,  3.3636895
tuned2_s42  , tuned2    , catboost         ,    4,  3200, 0.0362032760139774  , 0.987146529562982 , 0.119359167837182  , 0.7697594501718213, 24662.725491771616, 14306.307874610353, 0.9159844475783936,  3.351890499999996
tuned2_s42  , tuned2    , catboost         ,    5,  3200, 0.0332723898778382  , 0.9922879177377892, 0.1019541889559571 , 0.7353951890034365, 22824.47845870378 , 13569.412348012334, 0.919196624350012 ,  3.3156186000000005
tuned2_s2026, tuned2    , ridge            ,    1,     1, 0.0931287996155411  , 0.807032590051458 , 0.1133864250166408 , 0.7054794520547946, 18181.98699693148 , 12894.599241178588, 0.93786328578802  ,  0.0220644999999999
tuned2_s2026, tuned2    , ridge            ,    2,     1, 0.089866161717277   , 0.8010291595197255, 0.1248072011283777 , 0.7568493150684932, 20251.037486311507, 13168.690317632036, 0.9137792553368748,  0.0229388000000001
tuned2_s2026, tuned2    , ridge            ,    3,     1, 0.0959471499701867  , 0.8001715265866209, 0.0992695762498318 , 0.7842465753424658, 19035.80685798618 , 12990.244776721507, 0.9442017135671942,  0.0215824999999998
tuned2_s2026, tuned2    , ridge            ,    4,     1, 0.0881521621917099  , 0.818337617823479 , 0.1285276670536266 , 0.7285223367697594, 29516.328802762106, 17082.578271571285, 0.905519803971944 ,  0.0207907999999998
tuned2_s2026, tuned2    , ridge            ,    5,     1, 0.0966085964290404  , 0.792630676949443 , 0.0959249410181537 , 0.7457044673539519, 18753.04120481995 , 12111.970535480945, 0.9364671593336502,  0.0214106999999998
tuned2_s2026, tuned2    , elasticnet       ,    1,     1, 0.0947979593994179  , 0.7941680960548885, 0.1083175780492632 , 0.7328767123287672, 17529.41334920974 , 12399.95838660813 , 0.942243567181724 ,  0.0889404
tuned2_s2026, tuned2    , elasticnet       ,    2,     1, 0.0911733255252203  , 0.7993138936535163, 0.122941592789097  , 0.7397260273972602, 20099.019154124384, 12991.8139893658  , 0.9150688621724898,  0.6893391
tuned2_s2026, tuned2    , elasticnet       ,    3,     1, 0.0971161723418255  , 0.7924528301886793, 0.0973837924478212 , 0.7671232876712328, 18956.69873225608 , 12949.760524329437, 0.9446645177907976,  0.0838350000000001
tuned2_s2026, tuned2    , elasticnet       ,    4,     1, 0.0892248934315069  , 0.8089117395029991, 0.1290304022813208 , 0.7216494845360825, 29858.0671671701  , 17158.890831194487, 0.9033193664220148,  0.0826214000000002
tuned2_s2026, tuned2    , elasticnet       ,    5,     1, 0.0976055332381268  , 0.778063410454156 , 0.0943303904551181 , 0.7697594501718213, 19233.605028152288, 11925.419309348554, 0.93316926387603  ,  0.0781130000000001
tuned2_s2026, tuned2    , lasso            ,    1,     1, 0.0964048528977282  , 0.79073756432247  , 0.1081261790728371 , 0.7328767123287672, 17429.42128233096 , 12318.497020305917, 0.9429006015551208,  0.0634838000000002
tuned2_s2026, tuned2    , lasso            ,    2,     1, 0.0927267445651972  , 0.7924528301886793, 0.1225886013326933 , 0.7397260273972602, 20111.59835255352 , 12954.685667736614, 0.91496251867864  ,  0.7120845
tuned2_s2026, tuned2    , lasso            ,    3,     1, 0.098762202495744   , 0.7847341337907375, 0.0978997906540215 , 0.7534246575342466, 18914.852472205188, 12958.461014236997, 0.9449085504914664,  0.0609877999999999
tuned2_s2026, tuned2    , lasso            ,    4,     1, 0.0907037329370503  , 0.7994858611825193, 0.1296031941534996 , 0.7147766323024055, 30104.227056324056, 17284.105333049065, 0.9017186601920314,  0.0728254999999999
tuned2_s2026, tuned2    , lasso            ,    5,     1, 0.0991381172472795  , 0.7832047986289632, 0.0940215977970319 , 0.7731958762886598, 19171.79503927746 , 11994.697716935078, 0.9335981142735984,  0.0505575999999998
tuned2_s2026, tuned2    , kernel_ridge     ,    1,     1, 0.0914292222090972  , 0.8113207547169812, 0.1154512175055402 , 0.7226027397260274, 18443.241985660497, 12866.53089915319 , 0.9360647853864384,  0.0411171999999999
tuned2_s2026, tuned2    , kernel_ridge     ,    2,     1, 0.0879974502212441  , 0.807032590051458 , 0.13477763245261   , 0.75              , 21919.436081085256, 14142.258925388229, 0.89898730269416  ,  0.0358981000000002
tuned2_s2026, tuned2    , kernel_ridge     ,    3,     1, 0.0930113496283549  , 0.8190394511149228, 0.1033090090955433 , 0.7465753424657534, 19594.579829666647, 13366.30410335796 , 0.940877853524263 ,  0.0344588999999997
tuned2_s2026, tuned2    , kernel_ridge     ,    4,     1, 0.08603297070171    , 0.8337617823479005, 0.1363275254137967 , 0.6907216494845361, 30642.629579342112, 18249.02343783735 , 0.8981717760467023,  0.0406364000000003
tuned2_s2026, tuned2    , kernel_ridge     ,    5,     1, 0.0934597973641324  , 0.8071979434447301, 0.1075673665241198 , 0.7491408934707904, 19009.66732129931 , 13002.50063944876 , 0.9347164306532636,  0.0362496999999999
tuned2_s2026, tuned2    , svr              ,    1,     1, 0.0900543917387656  , 0.8499142367066895, 0.1144539964142557 , 0.75              , 17223.07710614758 , 11743.367483480284, 0.9442445801945948,  0.17374
tuned2_s2026, tuned2    , svr              ,    2,     1, 0.0872117035397359  , 0.855917667238422 , 0.1283105646249028 , 0.7636986301369864, 19861.09189947789 , 12580.794867570536, 0.9170677484853896,  0.1664635000000007
tuned2_s2026, tuned2    , svr              ,    3,     1, 0.0943012999232458  , 0.8490566037735849, 0.0958905446673121 , 0.7945205479452054, 18423.90602160316 , 12499.67361484259 , 0.9477312996120248,  0.1655901000000001
tuned2_s2026, tuned2    , svr              ,    4,     1, 0.0864180854172081  , 0.8577549271636675, 0.1288470219727106 , 0.7250859106529209, 27973.12262161898 , 16242.738497329196, 0.9151409814320914,  0.1685745999999994
tuned2_s2026, tuned2    , svr              ,    5,     1, 0.0956340496707333  , 0.8526135389888603, 0.0922731586755397 , 0.8109965635738832, 16789.218767631188, 11004.747344534326, 0.949076782700066 ,  0.1667684999999998
tuned2_s2026, tuned2    , gradient_boosting,    1,  3000, 0.0596198347410585  , 0.9622641509433962, 0.1147120329635821 , 0.791095890410959 , 17972.55770269944 , 11586.284032967356, 0.939286485752713 ,  3.847099900000001
tuned2_s2026, tuned2    , gradient_boosting,    2,  3000, 0.0572066929307984  , 0.9605488850771868, 0.1288961622770216 , 0.7465753424657534, 21382.188332724872, 14127.593900764869, 0.9038782840465756,  3.8372958
tuned2_s2026, tuned2    , gradient_boosting,    3,  3000, 0.0614098255117604  , 0.9571183533447684, 0.0977908389805826 , 0.7568493150684932, 18692.72679275614 , 12912.716752948996, 0.9461948805889536,  3.835907900000001
tuned2_s2026, tuned2    , gradient_boosting,    4,  3000, 0.053243976677977   , 0.9622964867180804, 0.1297870047766342 , 0.7010309278350515, 31005.047069646786, 16927.767991955952, 0.8957488399011903,  3.9078333999999977
tuned2_s2026, tuned2    , gradient_boosting,    5,  3000, 0.0605310400884633  , 0.9545844044558698, 0.0956151824920201 , 0.7835051546391752, 17957.590484059525, 11513.601570607132, 0.9417426152149584,  4.4513158
tuned2_s2026, tuned2    , lightgbm         ,    1,  4200, 0.0214110034516365  , 0.9957118353344768, 0.1232147985021168 , 0.7191780821917808, 20560.67928964124 , 13668.302871183356, 0.9205414718426088,  2.7592227000000022
tuned2_s2026, tuned2    , lightgbm         ,    2,  4200, 0.0210826255609868  , 0.9982847341337908, 0.1335029272341438 , 0.7397260273972602, 22205.962017511207, 14396.920638927131, 0.8963292120218654,  2.7198486000000024
tuned2_s2026, tuned2    , lightgbm         ,    3,  4200, 0.0216417311281356  , 0.9965694682675816, 0.1094929227662483 , 0.7191780821917808, 21797.16568973921 , 14709.975073508784, 0.926839218910468 ,  2.4259455999999986
tuned2_s2026, tuned2    , lightgbm         ,    4,  4200, 0.0189128731564285  , 0.9991431019708654, 0.1371367657672655 , 0.711340206185567 , 33282.238319709046, 17560.282444833327, 0.8798728541521751,  2.4657674000000043
tuned2_s2026, tuned2    , lightgbm         ,    5,  4200, 0.0209962122076349  , 0.996572407883462 , 0.1159243924254111 , 0.6907216494845361, 21584.069735511795, 14546.75144221891 , 0.9158369376936284,  2.501637499999994
tuned2_s2026, tuned2    , xgboost          ,    1,  4200, 0.0645477718311958  , 0.9013722126929674, 0.110686351362215  , 0.7363013698630136, 18615.23611050827 , 12411.93646800771 , 0.9348667578775572,  1.794129599999998
tuned2_s2026, tuned2    , xgboost          ,    2,  4200, 0.0632807508815197  , 0.9082332761578044, 0.1245478121752947 , 0.7157534246575342, 21115.645581789344, 13855.300014750575, 0.9062597856861896,  1.5755386000000016
tuned2_s2026, tuned2    , xgboost          ,    3,  4200, 0.0653937699251171  , 0.8987993138936535, 0.1015731272623424 , 0.7568493150684932, 18283.670027821296, 12950.261334377155, 0.9485239715547558,  1.6780729999999977
tuned2_s2026, tuned2    , xgboost          ,    4,  4200, 0.0597896531284814  , 0.9048843187660668, 0.1291832198605173 , 0.7422680412371134, 31877.060215631605, 16639.890062720704, 0.8898022741416659,  1.5201551000000038
tuned2_s2026, tuned2    , xgboost          ,    5,  4200, 0.0654561221637634  , 0.9014567266495288, 0.1013334681817849 , 0.7491408934707904, 19439.39743419841 , 13031.85845472438 , 0.931731485016366 ,  1.5516823999999971
tuned2_s2026, tuned2    , catboost         ,    1,  3200, 0.0354069709556093  , 0.986277873070326 , 0.1093020761940813 , 0.7602739726027398, 18622.116950537835, 12272.45999965827 , 0.9348185979458884,  3.9632441999999983
tuned2_s2026, tuned2    , catboost         ,    2,  3200, 0.0356354841138312  , 0.9871355060034306, 0.1226829678777933 , 0.75              , 20699.36027225129 , 13273.875980243643, 0.9099194433445192,  3.8569815000000034
tuned2_s2026, tuned2    , catboost         ,    3,  3200, 0.035305607254687   , 0.9888507718696398, 0.0986894557645412 , 0.8116438356164384, 18277.03273493862 , 12524.157935754329, 0.9485613381734   ,  3.701034499999999
tuned2_s2026, tuned2    , catboost         ,    4,  3200, 0.0313524460019711  , 0.9931448157669236, 0.1316495845168309 , 0.7457044673539519, 32203.27763993959 , 16321.571130909811, 0.8875352922362689,  3.758180100000004
tuned2_s2026, tuned2    , catboost         ,    5,  3200, 0.034981963968153   , 0.988860325621251 , 0.0994677698088859 , 0.7353951890034365, 18858.514630397814, 12607.212163816184, 0.9357504893616768,  3.828692599999997
tuned3_s42  , tuned3    , ridge            ,    1,     1, 0.08481444786899246 , 0.819433817903596 , 0.11075989299736562, 0.7397260273972602, 18192.23643776589 , 11994.922183426375, 0.943321060516969 ,  0.020621200000000117
tuned3_s42  , tuned3    , ridge            ,    2,     1, 0.0850290648787515  , 0.819433817903596 , 0.10976120952295682, 0.7876712328767124, 18184.08694379666 , 11436.048457966814, 0.9097028369774958,  0.01984190000000008
tuned3_s42  , tuned3    , ridge            ,    3,     1, 0.08852548255675402 , 0.8102524866105585, 0.07414837177119193, 0.8493150684931506, 14907.170595463054,  9914.31817272854 , 0.9656832179777569,  0.020084599999999897
tuned3_s42  , tuned3    , ridge            ,    4,     1, 0.08622095493237679 , 0.8157492354740061, 0.10148296182753086, 0.7517241379310344, 22154.216673223033, 13513.897569921894, 0.934475022977582 ,  0.019500900000000154
tuned3_s42  , tuned3    , ridge            ,    5,     1, 0.0854602805894541  , 0.8279816513761468, 0.10751556575236136, 0.6896551724137931, 25851.624985168874, 15895.064283179703, 0.9228849813301008,  0.019547699999999946
tuned3_s42  , tuned3    , ridge            ,    6,     1, 0.0842163534269007  , 0.8264525993883792, 0.11429956128605197, 0.7034482758620689, 17223.27396732778 , 12886.551242908516, 0.9476280171377316,  0.0201001999999999
tuned3_s42  , tuned3    , ridge            ,    7,     1, 0.08814859894532724 , 0.8027522935779816, 0.07921788343037907, 0.8344827586206897, 15896.235738342544, 10970.085810924666, 0.9489609730162046,  0.020562499999999817
tuned3_s42  , tuned3    , ridge            ,    8,     1, 0.08648354732035717 , 0.8226299694189603, 0.09501686376832295, 0.7586206896551724, 16561.042893871792, 11965.074197467597, 0.9569395067211857,  0.019624399999999875
tuned3_s42  , tuned3    , ridge            ,    9,     1, 0.08634701106892431 , 0.8188073394495413, 0.09741273754892071, 0.7862068965517242, 18881.92173767371 , 12961.430337804402, 0.924941016519501 ,  0.020103900000000063
tuned3_s42  , tuned3    , ridge            ,   10,     1, 0.08399820413066363 , 0.8180428134556575, 0.12173144967498441, 0.7379310344827587, 24201.70013637434 , 14914.373772166471, 0.9310603798567549,  0.019742499999999996
tuned3_s42  , tuned3    , elasticnet       ,    1,     1, 0.08675874188048693 , 0.8125478194338179, 0.11079372417141319, 0.7602739726027398, 18211.273765253318, 12245.851077672687, 0.9432023747131644,  0.14394139999999989
tuned3_s42  , tuned3    , elasticnet       ,    2,     1, 0.08717746011559264 , 0.8041315990818668, 0.10827989513861763, 0.7808219178082192, 18092.315708632497, 11357.111041551434, 0.9106119584135153,  0.14884490000000006
tuned3_s42  , tuned3    , elasticnet       ,    3,     1, 0.0905388220619956  , 0.7941851568477429, 0.0727354785654259 , 0.8561643835616438, 14424.436129280199,  9358.956059225735, 0.9678697723140112,  0.14567690000000022
tuned3_s42  , tuned3    , elasticnet       ,    4,     1, 0.0887751942188246  , 0.8096330275229358, 0.09861519463340236, 0.7655172413793103, 22943.248345339565, 13437.809746472049, 0.9297245084970236,  0.100943
tuned3_s42  , tuned3    , elasticnet       ,    5,     1, 0.0863530920647096  , 0.8126911314984709, 0.1106409213908272 , 0.7034482758620689, 25398.291272398685, 15705.26423328998 , 0.9255658432808391,  0.12381779999999987
tuned3_s42  , tuned3    , elasticnet       ,    6,     1, 0.08632350424760135 , 0.8180428134556575, 0.11499426041201162, 0.7172413793103448, 17612.25056662129 , 13285.372911266215, 0.9452357293310614,  0.12541840000000004
tuned3_s42  , tuned3    , elasticnet       ,    7,     1, 0.09055095175687013 , 0.7951070336391437, 0.07614252274116039, 0.8482758620689655, 14714.867278829248, 10338.34255804984 , 0.9562652653736478,  0.1423656000000002
tuned3_s42  , tuned3    , elasticnet       ,    8,     1, 0.08896327880441394 , 0.8096330275229358, 0.09347985959136484, 0.7655172413793103, 16367.787340384197, 12015.494849468074, 0.9579386135388368,  0.14705469999999998
tuned3_s42  , tuned3    , elasticnet       ,    9,     1, 0.08849365021323403 , 0.8111620795107034, 0.09666462338421578, 0.7793103448275862, 18800.500583396435, 13239.600134550388, 0.9255869478638074,  0.13789490000000004
tuned3_s42  , tuned3    , elasticnet       ,   10,     1, 0.08685404276027635 , 0.8073394495412844, 0.11553691457057028, 0.7448275862068966, 23463.613452734277, 14319.720949156725, 0.9352012056452127,  0.2847065999999998
tuned3_s42  , tuned3    , lasso            ,    1,     1, 0.08812221123029965 , 0.8087222647283856, 0.11064798740694765, 0.7602739726027398, 18325.547740755723, 12278.056255796473, 0.9424873391672316,  0.1368058000000003
tuned3_s42  , tuned3    , lasso            ,    2,     1, 0.08843777478819514 , 0.7995409334353482, 0.10695063111117963, 0.7808219178082192, 17810.01902911875 , 11265.716372698182, 0.9133796619516329,  0.13273290000000015
tuned3_s42  , tuned3    , lasso            ,    3,     1, 0.09201144777682661 , 0.791124713083397 , 0.07277744748321152, 0.8561643835616438, 14745.311259595053,  9483.128659713739, 0.9664243830009196,  0.13830699999999974
tuned3_s42  , tuned3    , lasso            ,    4,     1, 0.09016540454707601 , 0.8019877675840978, 0.09941012672598049, 0.7862068965517242, 23119.619832337732, 13546.573327557573, 0.9286398989259351,  0.13135969999999997
tuned3_s42  , tuned3    , lasso            ,    5,     1, 0.08776855498795941 , 0.8103975535168195, 0.10917014855573588, 0.6896551724137931, 25254.971034231618, 15615.21893369829 , 0.9264035234147101,  0.15031240000000023
tuned3_s42  , tuned3    , lasso            ,    6,     1, 0.08775904022886931 , 0.8126911314984709, 0.11484983583594424, 0.7103448275862069, 17542.565343600196, 13276.63352294686 , 0.9456682363100624,  0.10622190000000042
tuned3_s42  , tuned3    , lasso            ,    7,     1, 0.09190891396631366 , 0.7935779816513762, 0.07640602593007366, 0.8482758620689655, 14830.699466977296, 10370.766175546649, 0.9555740149943384,  0.09212250000000033
tuned3_s42  , tuned3    , lasso            ,    8,     1, 0.09031426832691022 , 0.8058103975535168, 0.09335133610588911, 0.7655172413793103, 16347.524139057065, 11937.263650472649, 0.9580426924536813,  0.13631490000000035
tuned3_s42  , tuned3    , lasso            ,    9,     1, 0.08998490894827038 , 0.805045871559633 , 0.09642292103120782, 0.7724137931034483, 18774.801185618304, 13270.578940786425, 0.9257902470853382,  0.11300620000000006
tuned3_s42  , tuned3    , lasso            ,   10,     1, 0.08841133183090179 , 0.8027522935779816, 0.11582006336943505, 0.7448275862068966, 23516.9341503365  , 14383.543855862974, 0.9349063625021862,  0.2724959
tuned3_s42  , tuned3    , kernel_ridge     ,    1,     1, 0.0802434948597955  , 0.8400918133129304, 0.1099821409795476 , 0.773972602739726 , 18530.7414190152  , 12078.778829104118, 0.9411921741208121,  0.04225469999999998
tuned3_s42  , tuned3    , kernel_ridge     ,    2,     1, 0.08040646199655245 , 0.8370313695485846, 0.10103873572924979, 0.815068493150685 , 16622.468679478505, 10901.227529933427, 0.9245460197674663,  0.0390694999999992
tuned3_s42  , tuned3    , kernel_ridge     ,    3,     1, 0.0822417567465191  , 0.8301453710788065, 0.08223771910031422, 0.8493150684931506, 15712.70212720488 , 10594.18980568214 , 0.9618742963267028,  0.038616900000000065
tuned3_s42  , tuned3    , kernel_ridge     ,    4,     1, 0.07996171679935096 , 0.8432721712538226, 0.1075323226949668 , 0.7310344827586207, 23290.370032656207, 14385.23846678297 , 0.9275819449501782,  0.03890369999999965
tuned3_s42  , tuned3    , kernel_ridge     ,    5,     1, 0.08068388320157002 , 0.8425076452599388, 0.1053488853943113 , 0.6758620689655173, 24834.783739400817, 15559.338776324892, 0.9288321184096222,  0.03923780000000043
tuned3_s42  , tuned3    , kernel_ridge     ,    6,     1, 0.07888856602682415 , 0.8448012232415902, 0.11577010414323238, 0.7379310344827587, 17403.27751043277 , 13179.627394916412, 0.9465275986138328,  0.03950470000000017
tuned3_s42  , tuned3    , kernel_ridge     ,    7,     1, 0.08210857056504918 , 0.8318042813455657, 0.0835659267943519 , 0.8344827586206897, 16564.86415646259 , 11382.10959699229 , 0.9445770606988243,  0.03849829999999965
tuned3_s42  , tuned3    , kernel_ridge     ,    8,     1, 0.080621746106138   , 0.841743119266055 , 0.09774996169325396, 0.7586206896551724, 16217.858937912823, 11728.971770413978, 0.9587056462561441,  0.0408710000000001
tuned3_s42  , tuned3    , kernel_ridge     ,    9,     1, 0.08073322978236433 , 0.8432721712538226, 0.0962412517389331 , 0.7586206896551724, 18478.365485027116, 12842.563335607012, 0.9281151455637929,  0.03636369999999989
tuned3_s42  , tuned3    , kernel_ridge     ,   10,     1, 0.07914738819619667 , 0.845565749235474 , 0.12012754991100442, 0.7586206896551724, 24217.704699244063, 14981.673504948873, 0.9309691702888101,  0.03561959999999953
tuned3_s42  , tuned3    , svr              ,    1,     1, 0.07757642996805435 , 0.8737566947207345, 0.11079570441933208, 0.7671232876712328, 18563.73330033567 , 11972.555508791495, 0.9409825863980066,  0.20618499999999962
tuned3_s42  , tuned3    , svr              ,    2,     1, 0.07802728045688642 , 0.8737566947207345, 0.1030539704533293 , 0.821917808219178 , 17842.96048658078 , 10978.995706311185, 0.9130589392163352,  0.20635090000000034
tuned3_s42  , tuned3    , svr              ,    3,     1, 0.08119530689368581 , 0.8714613618974751, 0.07574250763675565, 0.8767123287671232, 13291.15484350665 ,  9090.772420116655, 0.9727201769876264,  0.2072155999999996
tuned3_s42  , tuned3    , svr              ,    4,     1, 0.0783457885684193  , 0.8761467889908257, 0.10261701483925348, 0.7517241379310344, 21342.466880859018, 13595.90757979254 , 0.9391888366394674,  0.20317850000000082
tuned3_s42  , tuned3    , svr              ,    5,     1, 0.07956170726745519 , 0.8738532110091743, 0.10573779643071077, 0.7448275862068966, 25808.974775436676, 15069.881398172889, 0.9231392213352254,  0.20618840000000027
tuned3_s42  , tuned3    , svr              ,    6,     1, 0.0768476714677517  , 0.8814984709480123, 0.11146511499063651, 0.7379310344827587, 16563.289214845194, 12430.436207249664, 0.9515648367584758,  0.20716179999999973
tuned3_s42  , tuned3    , svr              ,    7,     1, 0.08136818007199922 , 0.8654434250764526, 0.08480989711822698, 0.8068965517241379, 15871.224968302377, 11206.859914356215, 0.9491214539200112,  0.20413950000000014
tuned3_s42  , tuned3    , svr              ,    8,     1, 0.07934231664386159 , 0.8753822629969419, 0.09961204368037102, 0.7655172413793103, 16378.572395495805, 11717.233253526643, 0.9578831651369367,  0.20578420000000008
tuned3_s42  , tuned3    , svr              ,    9,     1, 0.07997864328333    , 0.8730886850152905, 0.09618326732792651, 0.7931034482758621, 18688.93041925578 , 12526.156101175666, 0.9264675246107003,  0.20351929999999996
tuned3_s42  , tuned3    , svr              ,   10,     1, 0.07652254833562443 , 0.8807339449541285, 0.12188146910314097, 0.7517241379310344, 23245.837323376716, 14388.841050737257, 0.9363984758372723,  0.20328929999999978
tuned3_s42  , tuned3    , gradient_boosting,    1,  3000, 0.03830676272316507 , 0.9801071155317521, 0.11605161313181285, 0.7671232876712328, 19697.626358601596, 12531.02141486115 , 0.9335527024939936,  4.229614999999999
tuned3_s42  , tuned3    , gradient_boosting,    2,  3000, 0.03524944448193291 , 0.9778117827084928, 0.11052856364478406, 0.7534246575342466, 16945.52037603991 , 12322.394476399126, 0.9215846785023342,  4.3224673
tuned3_s42  , tuned3    , gradient_boosting,    3,  3000, 0.03782976803906929 , 0.9808722264728386, 0.08515397191987115, 0.8013698630136986, 19820.35599650366 , 11842.18309138806 , 0.9393348865063286,  4.245094300000002
tuned3_s42  , tuned3    , gradient_boosting,    4,  3000, 0.03584786412083595 , 0.9808868501529052, 0.10897070394854398, 0.7379310344827587, 23544.80983503229 , 14330.54180805876 , 0.925991014033582 ,  4.301454300000003
tuned3_s42  , tuned3    , gradient_boosting,    5,  3000, 0.038702957291080954, 0.9747706422018348, 0.1106746352417475 , 0.7034482758620689, 28217.478715745154, 16759.32305150102 , 0.9081245062892463,  4.276173900000003
tuned3_s42  , tuned3    , gradient_boosting,    6,  3000, 0.03677078571569659 , 0.9785932721712538, 0.11671976945744061, 0.7034482758620689, 18937.949707236075, 13385.282187779187, 0.9366810776115865,  4.276214799999998
tuned3_s42  , tuned3    , gradient_boosting,    7,  3000, 0.037455771814308626, 0.9808868501529052, 0.08388997434752965, 0.8206896551724138, 15981.694977779453, 11000.122167432306, 0.9484107193525653,  4.206584299999996
tuned3_s42  , tuned3    , gradient_boosting,    8,  3000, 0.0362073313862727  , 0.9762996941896025, 0.10891748109124486, 0.7517241379310344, 18895.34930375533 , 12776.55446887121 , 0.943945112391896 ,  4.280798499999996
tuned3_s42  , tuned3    , gradient_boosting,    9,  3000, 0.03734429403224863 , 0.9808868501529052, 0.10359393721191403, 0.7310344827586207, 21034.5923877573  , 14067.686441481621, 0.9068509364400612,  4.306143999999996
tuned3_s42  , tuned3    , gradient_boosting,   10,  3000, 0.03342332458044729 , 0.9808868501529052, 0.12894251547556856, 0.7310344827586207, 28444.55078039292 , 16111.405975451386, 0.9047696690373956,  4.244637400000002
tuned3_s42  , tuned3    , lightgbm         ,    1,  5000, 0.06616670895709251 , 0.9074215761285387, 0.11716603665662624, 0.7671232876712328, 19741.943312186235, 13196.844782407365, 0.9332533715616261,  1.1050493000000046
tuned3_s42  , tuned3    , lightgbm         ,    2,  5000, 0.06567412285338986 , 0.9028309104820199, 0.11102355726754175, 0.7808219178082192, 17134.40362092823 , 11965.316421367126, 0.9198268230518616,  1.1259765999999942
tuned3_s42  , tuned3    , lightgbm         ,    3,  5000, 0.06758238732259243 , 0.901300688599847 , 0.08955530563120842, 0.815068493150685 , 26780.52557819072 , 11896.938134779084, 0.8892473044615865,  1.1160156000000043
tuned3_s42  , tuned3    , lightgbm         ,    4,  5000, 0.06653831535595453 , 0.9013761467889908, 0.10785704610053722, 0.7448275862068966, 22498.162366081742, 13825.873015144678, 0.9324246703578257,  1.1405673000000007
tuned3_s42  , tuned3    , lightgbm         ,    5,  5000, 0.0664208859517703  , 0.8929663608562691, 0.1120035141438789 , 0.6896551724137931, 27884.98607304023 , 16803.891644184474, 0.910276927461125 ,  1.1742930000000058
tuned3_s42  , tuned3    , lightgbm         ,    6,  5000, 0.06580228082977826 , 0.9036697247706422, 0.11593038181829567, 0.6827586206896552, 18711.49323952411 , 13108.368874055875, 0.9381863353932925,  1.0904409999999984
tuned3_s42  , tuned3    , lightgbm         ,    7,  5000, 0.06839047006892782 , 0.8914373088685015, 0.07415603008960805, 0.8482758620689655, 14537.963548185175, 10205.792762141567, 0.9573105117924261,  1.1276016000000055
tuned3_s42  , tuned3    , lightgbm         ,    8,  5000, 0.06585298976705492 , 0.9013761467889908, 0.10604345770264276, 0.7241379310344828, 17777.396803702788, 12465.623010300127, 0.9503819183881889,  1.258033999999995
tuned3_s42  , tuned3    , lightgbm         ,    9,  5000, 0.06651122338743534 , 0.8952599388379205, 0.10045416392885625, 0.7310344827586207, 19758.107272767855, 13468.308878648211, 0.9178134083817963,  1.126240100000004
tuned3_s42  , tuned3    , lightgbm         ,   10,  5000, 0.06446796603352688 , 0.9036697247706422, 0.13151471874742335, 0.7241379310344828, 29623.29376883841 , 16792.028409644645, 0.8967134370666338,  1.2430829999999986
tuned3_s42  , tuned3    , xgboost          ,    1,  3460, 0.04170709423302191 , 0.9724560061208876, 0.11352045560840837, 0.7876712328767124, 19823.796032067996, 12857.146143099015, 0.9326987433803136,  1.5589769999999987
tuned3_s42  , tuned3    , xgboost          ,    2,  3460, 0.04149374301236732 , 0.9739862280030605, 0.10984457093035463, 0.7876712328767124, 16622.670591563397, 11459.341405147221, 0.9245441866867987,  1.4235797999999988
tuned3_s42  , tuned3    , xgboost          ,    3,  3460, 0.04251495234256454 , 0.9724560061208876, 0.08773721686700706, 0.8082191780821918, 22754.47357670421 , 11394.117093484252, 0.9200442505719771,  1.4276426999999927
tuned3_s42  , tuned3    , xgboost          ,    4,  3460, 0.042267521100896356, 0.9694189602446484, 0.09706161021746264, 0.7724137931034483, 21993.81090982611 , 12968.717836309523, 0.935420444213709 ,  1.4173509000000024
tuned3_s42  , tuned3    , xgboost          ,    5,  3460, 0.04209513142660955 , 0.9740061162079511, 0.11065502167496351, 0.7379310344827587, 25693.219142260376, 16174.183633994786, 0.9238271305677568,  1.4506470999999976
tuned3_s42  , tuned3    , xgboost          ,    6,  3460, 0.041346558787319   , 0.9717125382262997, 0.11529238996175128, 0.7172413793103448, 18549.956374880712, 13046.010516592922, 0.939249006794968 ,  1.4366282000000012
tuned3_s42  , tuned3    , xgboost          ,    7,  3460, 0.04286339505608149 , 0.9701834862385321, 0.07458780569556094, 0.8482758620689655, 14970.263739806496, 10582.745148872535, 0.9547339394241161,  1.417256100000003
tuned3_s42  , tuned3    , xgboost          ,    8,  3460, 0.0417143264925787  , 0.9724770642201835, 0.10567167978012347, 0.7448275862068966, 18459.167426917003, 13091.502281512234, 0.9465031938840388,  1.4268524000000014
tuned3_s42  , tuned3    , xgboost          ,    9,  3460, 0.04155134273151863 , 0.9740061162079511, 0.09999556702388016, 0.7310344827586207, 19632.259997008157, 13564.565955850821, 0.918857032581187 ,  1.43019120000001
tuned3_s42  , tuned3    , xgboost          ,   10,  3460, 0.04081466890860911 , 0.9747706422018348, 0.1274737209333639 , 0.7448275862068966, 29253.551541932815, 16167.615587554565, 0.8992756824504311,  1.4316685999999947
tuned3_s42  , tuned3    , catboost         ,    1,  2400, 0.043030292167414344, 0.9678653404743688, 0.1137248061143779 , 0.815068493150685 , 19740.716254371284, 12208.722286223643, 0.9332616685590847,  2.0745629000000037
tuned3_s42  , tuned3    , catboost         ,    2,  2400, 0.04316021415291972 , 0.964804896710023 , 0.10609820559798665, 0.7945205479452054, 16476.35017648556 , 11252.499036977057, 0.9258667338770322,  1.954330199999987
tuned3_s42  , tuned3    , catboost         ,    3,  2400, 0.04407247279769266 , 0.9671002295332823, 0.08527988239766016, 0.815068493150685 , 21537.784108057313, 11254.29142954211 , 0.9283661733201677,  1.9454284999999913
tuned3_s42  , tuned3    , catboost         ,    4,  2400, 0.04329327687472482 , 0.9655963302752294, 0.10417061978184629, 0.7655172413793103, 25893.3123717208  , 14825.067444814802, 0.9104904650499901,  1.9930360000000036
tuned3_s42  , tuned3    , catboost         ,    5,  2400, 0.045298913468007476, 0.9556574923547401, 0.10982738653128825, 0.7379310344827587, 24918.766841922697, 15718.242332007514, 0.9283499716338178,  1.9644848000000081
tuned3_s42  , tuned3    , catboost         ,    6,  2400, 0.04329406519964798 , 0.9655963302752294, 0.11355956316225663, 0.7310344827586207, 18681.591364545264, 13258.005927761844, 0.9383837400125065,  1.9448803999999882
tuned3_s42  , tuned3    , catboost         ,    7,  2400, 0.04578878150636377 , 0.9625382262996942, 0.06976440218753341, 0.8896551724137931, 13444.574392487511,  9650.031210183311, 0.9634903294439735,  1.9732780000000076
tuned3_s42  , tuned3    , catboost         ,    8,  2400, 0.043173414037227416, 0.9678899082568807, 0.10144708088515074, 0.7862068965517242, 18362.391573406352, 12698.248714359925, 0.9470626587510136,  1.989529300000001
tuned3_s42  , tuned3    , catboost         ,    9,  2400, 0.04246852617339168 , 0.9709480122324159, 0.10170945545226219, 0.7724137931034483, 20691.71371635451 , 13701.631825898121, 0.9098629762155583,  2.0081465000000094
tuned3_s42  , tuned3    , catboost         ,   10,  2400, 0.04282061134016006 , 0.9671253822629969, 0.12827520696314457, 0.7241379310344828, 29162.09248925395 , 16301.70169325613 , 0.8999045120884155,  1.9814576999999929
